TRUNCATE TABLE catalogs CASCADE;

INSERT INTO catalogs (id, name, parent_id, created_at, created_by, last_modified_at, last_modified_by, version) VALUES (6, 'Sách tiếng Việt ', null, '2024-08-03 00:34:06.000000', 'guest', '2024-08-03 00:34:09.000000', 'guest', 0);
INSERT INTO catalogs (id, name, parent_id, created_at, created_by, last_modified_at, last_modified_by, version) VALUES (4, 'Sách tiếng Anh', null, '2024-08-03 00:34:06.000000', 'guest', '2024-08-03 00:34:09.000000', 'guest', 0);
INSERT INTO catalogs (id, name, parent_id, created_at, created_by, last_modified_at, last_modified_by, version) VALUES (3, 'Data Science', 4, '2024-08-03 00:34:06.000000', 'guest', '2024-08-03 00:34:09.000000', 'guest', 0);
INSERT INTO catalogs (id, name, parent_id, created_at, created_by, last_modified_at, last_modified_by, version) VALUES (8, 'Tiểu thuyết của Lan Rùa', 6, '2024-08-03 00:34:06.000000', 'guest', '2024-08-03 00:34:09.000000', 'guest', 0);
INSERT INTO catalogs (id, name, parent_id, created_at, created_by, last_modified_at, last_modified_by, version) VALUES (10, 'Giáo khoa - Tham khảo', 6, '2024-08-03 00:34:06.000000', 'guest', '2024-08-03 00:34:09.000000', 'guest', 0);
INSERT INTO catalogs (id, name, parent_id, created_at, created_by, last_modified_at, last_modified_by, version) VALUES (11, 'Sách Giáo Khoa', 10, '2024-08-03 00:34:06.000000', 'guest', '2024-08-03 00:34:09.000000', 'guest', 0);
INSERT INTO catalogs (id, name, parent_id, created_at, created_by, last_modified_at, last_modified_by, version) VALUES (12, 'Mẫu Giáo', 10, '2024-08-03 00:34:06.000000', 'guest', '2024-08-03 00:34:09.000000', 'guest', 0);
INSERT INTO catalogs (id, name, parent_id, created_at, created_by, last_modified_at, last_modified_by, version) VALUES (13, 'Sách giáo viên', 10, '2024-08-03 00:34:06.000000', 'guest', '2024-08-03 00:34:09.000000', 'guest', 0);

TRUNCATE TABLE books CASCADE;

INSERT INTO books (id, isbn, title, author, publisher, supplier, description, price, inventory, language, weight, cover_type, number_of_pages, width, height, thickness, thumbnails, purchases, created_at, created_by, last_modified_at, last_modified_by, version) VALUES (554, '5936095279', 'Bella Bentley', 'Daisy', 'Sadie', 'Bella', null, 19000000, 3, 'ENGLISH', 200, 'HARDCOVER', 25, 120, 180, 10, '{"https://i.scdn.co/image/ab67616d0000b27345680a4a57c97894490a01c1"}', 0, '2024-07-31 20:23:25.134395', 'guest', '2024-07-31 20:23:25.134395', 'guest', 1);
INSERT INTO books (id, isbn, title, author, publisher, supplier, description, price, inventory, language, weight, cover_type, number_of_pages, width, height, thickness, thumbnails, purchases, created_at, created_by, last_modified_at, last_modified_by, version) VALUES (505, '2460590761', 'Bella Duke', 'Charlie Harley', 'Lily Coco', 'Bailey', null, 19000000, 3, 'ENGLISH', 200, 'HARDCOVER', 25, 120, 180, 10, '{"https://i.scdn.co/image/ab67616d0000b27345680a4a57c97894490a01c1"}', 0, '2024-07-31 20:23:25.118837', 'guest', '2024-07-31 20:23:25.118837', 'guest', 1);
INSERT INTO books (id, isbn, title, author, publisher, supplier, description, price, inventory, language, weight, cover_type, number_of_pages, width, height, thickness, thumbnails, purchases, created_at, created_by, last_modified_at, last_modified_by, version) VALUES (506, '4033320930', 'Daisy', 'Cooper Coco', 'Zoe', 'Rocky', null, 19000000, 3, 'ENGLISH', 200, 'HARDCOVER', 25, 120, 180, 10, '{"https://i.scdn.co/image/ab67616d0000b27345680a4a57c97894490a01c1"}', 0, '2024-07-31 20:23:25.123931', 'guest', '2024-07-31 20:23:25.123931', 'guest', 1);
INSERT INTO books (id, isbn, title, author, publisher, supplier, description, price, inventory, language, weight, cover_type, number_of_pages, width, height, thickness, thumbnails, purchases, created_at, created_by, last_modified_at, last_modified_by, version) VALUES (507, '5565050295', 'Bailey', 'Jack Buster', 'Rocky', 'Cooper', null, 19000000, 3, 'ENGLISH', 200, 'HARDCOVER', 25, 120, 180, 10, '{"https://i.scdn.co/image/ab67616d0000b27345680a4a57c97894490a01c1"}', 0, '2024-07-31 20:23:25.124310', 'guest', '2024-07-31 20:23:25.124310', 'guest', 1);
INSERT INTO books (id, isbn, title, author, publisher, supplier, description, price, inventory, language, weight, cover_type, number_of_pages, width, height, thickness, thumbnails, purchases, created_at, created_by, last_modified_at, last_modified_by, version) VALUES (508, '1974509494', 'Luna Molly', 'Buddy', 'Charlie Coco', 'Toby', null, 19000000, 3, 'ENGLISH', 200, 'HARDCOVER', 25, 120, 180, 10, '{"https://i.scdn.co/image/ab67616d0000b27345680a4a57c97894490a01c1"}', 0, '2024-07-31 20:23:25.124660', 'guest', '2024-07-31 20:23:25.124660', 'guest', 1);
INSERT INTO books (id, isbn, title, author, publisher, supplier, description, price, inventory, language, weight, cover_type, number_of_pages, width, height, thickness, thumbnails, purchases, created_at, created_by, last_modified_at, last_modified_by, version) VALUES (509, '3622483043', 'Daisy Lucky', 'Luna', 'Chloe Sophie', 'Toby', null, 19000000, 3, 'ENGLISH', 200, 'HARDCOVER', 25, 120, 180, 10, '{"https://i.scdn.co/image/ab67616d0000b27345680a4a57c97894490a01c1"}', 0, '2024-07-31 20:23:25.124941', 'guest', '2024-07-31 20:23:25.124941', 'guest', 1);
INSERT INTO books (id, isbn, title, author, publisher, supplier, description, price, inventory, language, weight, cover_type, number_of_pages, width, height, thickness, thumbnails, purchases, created_at, created_by, last_modified_at, last_modified_by, version) VALUES (510, '1530267045', 'Lucy', 'Max Coco', 'Zoe Princess', 'Luna', null, 19000000, 3, 'ENGLISH', 200, 'HARDCOVER', 25, 120, 180, 10, '{"https://i.scdn.co/image/ab67616d0000b27345680a4a57c97894490a01c1"}', 0, '2024-07-31 20:23:25.125278', 'guest', '2024-07-31 20:23:25.125278', 'guest', 1);
INSERT INTO books (id, isbn, title, author, publisher, supplier, description, price, inventory, language, weight, cover_type, number_of_pages, width, height, thickness, thumbnails, purchases, created_at, created_by, last_modified_at, last_modified_by, version) VALUES (511, '2339238264', 'Bailey', 'Toby', 'Daisy Bentley', 'Jack', null, 19000000, 3, 'ENGLISH', 200, 'HARDCOVER', 25, 120, 180, 10, '{"https://i.scdn.co/image/ab67616d0000b27345680a4a57c97894490a01c1"}', 0, '2024-07-31 20:23:25.125717', 'guest', '2024-07-31 20:23:25.125717', 'guest', 1);
INSERT INTO books (id, isbn, title, author, publisher, supplier, description, price, inventory, language, weight, cover_type, number_of_pages, width, height, thickness, thumbnails, purchases, created_at, created_by, last_modified_at, last_modified_by, version) VALUES (512, '4968497081', 'Jack', 'Chloe', 'Charlie Shadow', 'Bella', null, 19000000, 3, 'ENGLISH', 200, 'HARDCOVER', 25, 120, 180, 10, '{"https://i.scdn.co/image/ab67616d0000b27345680a4a57c97894490a01c1"}', 0, '2024-07-31 20:23:25.126073', 'guest', '2024-07-31 20:23:25.126073', 'guest', 1);
INSERT INTO books (id, isbn, title, author, publisher, supplier, description, price, inventory, language, weight, cover_type, number_of_pages, width, height, thickness, thumbnails, purchases, created_at, created_by, last_modified_at, last_modified_by, version) VALUES (513, '9153338379', 'Chloe', 'Chloe', 'Luna', 'Lily Sophie', null, 19000000, 3, 'ENGLISH', 200, 'HARDCOVER', 25, 120, 180, 10, '{"https://i.scdn.co/image/ab67616d0000b27345680a4a57c97894490a01c1"}', 0, '2024-07-31 20:23:25.126279', 'guest', '2024-07-31 20:23:25.126279', 'guest', 1);
INSERT INTO books (id, isbn, title, author, publisher, supplier, description, price, inventory, language, weight, cover_type, number_of_pages, width, height, thickness, thumbnails, purchases, created_at, created_by, last_modified_at, last_modified_by, version) VALUES (514, '5111638451', 'Lily Ruby', 'Toby Maggie', 'Rocky Penny', 'Luna Coco', null, 19000000, 3, 'ENGLISH', 200, 'HARDCOVER', 25, 120, 180, 10, '{"https://i.scdn.co/image/ab67616d0000b27345680a4a57c97894490a01c1"}', 0, '2024-07-31 20:23:25.126483', 'guest', '2024-07-31 20:23:25.126483', 'guest', 1);
INSERT INTO books (id, isbn, title, author, publisher, supplier, description, price, inventory, language, weight, cover_type, number_of_pages, width, height, thickness, thumbnails, purchases, created_at, created_by, last_modified_at, last_modified_by, version) VALUES (515, '1961216506', 'Zoe', 'Rocky Princess', 'Daisy Maggie', 'Bailey Lucky', null, 19000000, 3, 'ENGLISH', 200, 'HARDCOVER', 25, 120, 180, 10, '{"https://i.scdn.co/image/ab67616d0000b27345680a4a57c97894490a01c1"}', 0, '2024-07-31 20:23:25.126675', 'guest', '2024-07-31 20:23:25.126675', 'guest', 1);
INSERT INTO books (id, isbn, title, author, publisher, supplier, description, price, inventory, language, weight, cover_type, number_of_pages, width, height, thickness, thumbnails, purchases, created_at, created_by, last_modified_at, last_modified_by, version) VALUES (516, '2449647523', 'Chloe', 'Cooper', 'Lucy', 'Charlie', null, 19000000, 3, 'ENGLISH', 200, 'HARDCOVER', 25, 120, 180, 10, '{"https://i.scdn.co/image/ab67616d0000b27345680a4a57c97894490a01c1"}', 0, '2024-07-31 20:23:25.126881', 'guest', '2024-07-31 20:23:25.126881', 'guest', 1);
INSERT INTO books (id, isbn, title, author, publisher, supplier, description, price, inventory, language, weight, cover_type, number_of_pages, width, height, thickness, thumbnails, purchases, created_at, created_by, last_modified_at, last_modified_by, version) VALUES (517, '3009844292', 'Charlie', 'Max', 'Cooper', 'Bailey Maggie', null, 19000000, 3, 'ENGLISH', 200, 'HARDCOVER', 25, 120, 180, 10, '{"https://i.scdn.co/image/ab67616d0000b27345680a4a57c97894490a01c1"}', 0, '2024-07-31 20:23:25.127078', 'guest', '2024-07-31 20:23:25.127078', 'guest', 1);
INSERT INTO books (id, isbn, title, author, publisher, supplier, description, price, inventory, language, weight, cover_type, number_of_pages, width, height, thickness, thumbnails, purchases, created_at, created_by, last_modified_at, last_modified_by, version) VALUES (518, '9736989304', 'Daisy Buster', 'Daisy Duke', 'Chloe', 'Buddy Molly', null, 19000000, 3, 'ENGLISH', 200, 'HARDCOVER', 25, 120, 180, 10, '{"https://i.scdn.co/image/ab67616d0000b27345680a4a57c97894490a01c1"}', 0, '2024-07-31 20:23:25.127258', 'guest', '2024-07-31 20:23:25.127258', 'guest', 1);
INSERT INTO books (id, isbn, title, author, publisher, supplier, description, price, inventory, language, weight, cover_type, number_of_pages, width, height, thickness, thumbnails, purchases, created_at, created_by, last_modified_at, last_modified_by, version) VALUES (519, '2242794374', 'Sadie', 'Daisy Harley', 'Buddy Bentley', 'Max', null, 19000000, 3, 'ENGLISH', 200, 'HARDCOVER', 25, 120, 180, 10, '{"https://i.scdn.co/image/ab67616d0000b27345680a4a57c97894490a01c1"}', 0, '2024-07-31 20:23:25.127441', 'guest', '2024-07-31 20:23:25.127441', 'guest', 1);
INSERT INTO books (id, isbn, title, author, publisher, supplier, description, price, inventory, language, weight, cover_type, number_of_pages, width, height, thickness, thumbnails, purchases, created_at, created_by, last_modified_at, last_modified_by, version) VALUES (520, '3879187611', 'Sadie', 'Sadie', 'Charlie', 'Daisy Ruby', null, 19000000, 3, 'ENGLISH', 200, 'HARDCOVER', 25, 120, 180, 10, '{"https://i.scdn.co/image/ab67616d0000b27345680a4a57c97894490a01c1"}', 0, '2024-07-31 20:23:25.127786', 'guest', '2024-07-31 20:23:25.127786', 'guest', 1);
INSERT INTO books (id, isbn, title, author, publisher, supplier, description, price, inventory, language, weight, cover_type, number_of_pages, width, height, thickness, thumbnails, purchases, created_at, created_by, last_modified_at, last_modified_by, version) VALUES (521, '4948386014', 'Bailey Coco', 'Daisy', 'Toby', 'Max', null, 19000000, 3, 'ENGLISH', 200, 'HARDCOVER', 25, 120, 180, 10, '{"https://i.scdn.co/image/ab67616d0000b27345680a4a57c97894490a01c1"}', 0, '2024-07-31 20:23:25.128000', 'guest', '2024-07-31 20:23:25.128000', 'guest', 1);
INSERT INTO books (id, isbn, title, author, publisher, supplier, description, price, inventory, language, weight, cover_type, number_of_pages, width, height, thickness, thumbnails, purchases, created_at, created_by, last_modified_at, last_modified_by, version) VALUES (522, '7823086693', 'Bailey Penny', 'Rocky Maggie', 'Bella', 'Bella', null, 19000000, 3, 'ENGLISH', 200, 'HARDCOVER', 25, 120, 180, 10, '{"https://i.scdn.co/image/ab67616d0000b27345680a4a57c97894490a01c1"}', 0, '2024-07-31 20:23:25.128177', 'guest', '2024-07-31 20:23:25.128177', 'guest', 1);
INSERT INTO books (id, isbn, title, author, publisher, supplier, description, price, inventory, language, weight, cover_type, number_of_pages, width, height, thickness, thumbnails, purchases, created_at, created_by, last_modified_at, last_modified_by, version) VALUES (523, '4839572824', 'Max Shadow', 'Cooper Princess', 'Charlie', 'Zoe Buster', null, 19000000, 3, 'ENGLISH', 200, 'HARDCOVER', 25, 120, 180, 10, '{"https://i.scdn.co/image/ab67616d0000b27345680a4a57c97894490a01c1"}', 0, '2024-07-31 20:23:25.128376', 'guest', '2024-07-31 20:23:25.128376', 'guest', 1);
INSERT INTO books (id, isbn, title, author, publisher, supplier, description, price, inventory, language, weight, cover_type, number_of_pages, width, height, thickness, thumbnails, purchases, created_at, created_by, last_modified_at, last_modified_by, version) VALUES (524, '4250716019', 'Buddy Duke', 'Cooper', 'Sadie', 'Lily Riley', null, 19000000, 3, 'ENGLISH', 200, 'HARDCOVER', 25, 120, 180, 10, '{"https://i.scdn.co/image/ab67616d0000b27345680a4a57c97894490a01c1"}', 0, '2024-07-31 20:23:25.128572', 'guest', '2024-07-31 20:23:25.128572', 'guest', 1);
INSERT INTO books (id, isbn, title, author, publisher, supplier, description, price, inventory, language, weight, cover_type, number_of_pages, width, height, thickness, thumbnails, purchases, created_at, created_by, last_modified_at, last_modified_by, version) VALUES (525, '8924353502', 'Rocky Ruby', 'Luna', 'Charlie', 'Lucy Lucky', null, 19000000, 3, 'ENGLISH', 200, 'HARDCOVER', 25, 120, 180, 10, '{"https://i.scdn.co/image/ab67616d0000b27345680a4a57c97894490a01c1"}', 0, '2024-07-31 20:23:25.128789', 'guest', '2024-07-31 20:23:25.128789', 'guest', 1);
INSERT INTO books (id, isbn, title, author, publisher, supplier, description, price, inventory, language, weight, cover_type, number_of_pages, width, height, thickness, thumbnails, purchases, created_at, created_by, last_modified_at, last_modified_by, version) VALUES (526, '9024791131', 'Sadie Princess', 'Cooper Princess', 'Cooper', 'Bella', null, 19000000, 3, 'ENGLISH', 200, 'HARDCOVER', 25, 120, 180, 10, '{"https://i.scdn.co/image/ab67616d0000b27345680a4a57c97894490a01c1"}', 0, '2024-07-31 20:23:25.128976', 'guest', '2024-07-31 20:23:25.128976', 'guest', 1);
INSERT INTO books (id, isbn, title, author, publisher, supplier, description, price, inventory, language, weight, cover_type, number_of_pages, width, height, thickness, thumbnails, purchases, created_at, created_by, last_modified_at, last_modified_by, version) VALUES (527, '9391905015', 'Max Maggie', 'Charlie Buster', 'Daisy Sophie', 'Lucy Bentley', null, 19000000, 3, 'ENGLISH', 200, 'HARDCOVER', 25, 120, 180, 10, '{"https://i.scdn.co/image/ab67616d0000b27345680a4a57c97894490a01c1"}', 0, '2024-07-31 20:23:25.129226', 'guest', '2024-07-31 20:23:25.129226', 'guest', 1);
INSERT INTO books (id, isbn, title, author, publisher, supplier, description, price, inventory, language, weight, cover_type, number_of_pages, width, height, thickness, thumbnails, purchases, created_at, created_by, last_modified_at, last_modified_by, version) VALUES (528, '3965631847', 'Bella', 'Zoe', 'Max', 'Cooper', null, 19000000, 3, 'ENGLISH', 200, 'HARDCOVER', 25, 120, 180, 10, '{"https://i.scdn.co/image/ab67616d0000b27345680a4a57c97894490a01c1"}', 0, '2024-07-31 20:23:25.129440', 'guest', '2024-07-31 20:23:25.129440', 'guest', 1);
INSERT INTO books (id, isbn, title, author, publisher, supplier, description, price, inventory, language, weight, cover_type, number_of_pages, width, height, thickness, thumbnails, purchases, created_at, created_by, last_modified_at, last_modified_by, version) VALUES (529, '6710197069', 'Lucy Harley', 'Zoe Harley', 'Buddy', 'Bailey', null, 19000000, 3, 'ENGLISH', 200, 'HARDCOVER', 25, 120, 180, 10, '{"https://i.scdn.co/image/ab67616d0000b27345680a4a57c97894490a01c1"}', 0, '2024-07-31 20:23:25.129618', 'guest', '2024-07-31 20:23:25.129618', 'guest', 1);
INSERT INTO books (id, isbn, title, author, publisher, supplier, description, price, inventory, language, weight, cover_type, number_of_pages, width, height, thickness, thumbnails, purchases, created_at, created_by, last_modified_at, last_modified_by, version) VALUES (530, '4830357589', 'Daisy', 'Buddy Ruby', 'Sadie', 'Toby', null, 19000000, 3, 'ENGLISH', 200, 'HARDCOVER', 25, 120, 180, 10, '{"https://i.scdn.co/image/ab67616d0000b27345680a4a57c97894490a01c1"}', 0, '2024-07-31 20:23:25.129796', 'guest', '2024-07-31 20:23:25.129796', 'guest', 1);
INSERT INTO books (id, isbn, title, author, publisher, supplier, description, price, inventory, language, weight, cover_type, number_of_pages, width, height, thickness, thumbnails, purchases, created_at, created_by, last_modified_at, last_modified_by, version) VALUES (531, '6656229250', 'Zoe Coco', 'Chloe Maggie', 'Sadie Molly', 'Lily', null, 19000000, 3, 'ENGLISH', 200, 'HARDCOVER', 25, 120, 180, 10, '{"https://i.scdn.co/image/ab67616d0000b27345680a4a57c97894490a01c1"}', 0, '2024-07-31 20:23:25.130064', 'guest', '2024-07-31 20:23:25.130064', 'guest', 1);
INSERT INTO books (id, isbn, title, author, publisher, supplier, description, price, inventory, language, weight, cover_type, number_of_pages, width, height, thickness, thumbnails, purchases, created_at, created_by, last_modified_at, last_modified_by, version) VALUES (532, '6954086462', 'Toby', 'Lucy', 'Rocky', 'Charlie', null, 19000000, 3, 'ENGLISH', 200, 'HARDCOVER', 25, 120, 180, 10, '{"https://i.scdn.co/image/ab67616d0000b27345680a4a57c97894490a01c1"}', 0, '2024-07-31 20:23:25.130258', 'guest', '2024-07-31 20:23:25.130258', 'guest', 1);
INSERT INTO books (id, isbn, title, author, publisher, supplier, description, price, inventory, language, weight, cover_type, number_of_pages, width, height, thickness, thumbnails, purchases, created_at, created_by, last_modified_at, last_modified_by, version) VALUES (533, '5274133268', 'Cooper', 'Jack Ruby', 'Bella', 'Rocky', null, 19000000, 3, 'ENGLISH', 200, 'HARDCOVER', 25, 120, 180, 10, '{"https://i.scdn.co/image/ab67616d0000b27345680a4a57c97894490a01c1"}', 0, '2024-07-31 20:23:25.130485', 'guest', '2024-07-31 20:23:25.130485', 'guest', 1);
INSERT INTO books (id, isbn, title, author, publisher, supplier, description, price, inventory, language, weight, cover_type, number_of_pages, width, height, thickness, thumbnails, purchases, created_at, created_by, last_modified_at, last_modified_by, version) VALUES (534, '4187247453', 'Zoe Shadow', 'Cooper', 'Lily', 'Lily Lucky', null, 19000000, 3, 'ENGLISH', 200, 'HARDCOVER', 25, 120, 180, 10, '{"https://i.scdn.co/image/ab67616d0000b27345680a4a57c97894490a01c1"}', 0, '2024-07-31 20:23:25.130688', 'guest', '2024-07-31 20:23:25.130688', 'guest', 1);
INSERT INTO books (id, isbn, title, author, publisher, supplier, description, price, inventory, language, weight, cover_type, number_of_pages, width, height, thickness, thumbnails, purchases, created_at, created_by, last_modified_at, last_modified_by, version) VALUES (535, '1034372457', 'Cooper', 'Charlie Coco', 'Bailey Penny', 'Bella Riley', null, 19000000, 3, 'ENGLISH', 200, 'HARDCOVER', 25, 120, 180, 10, '{"https://i.scdn.co/image/ab67616d0000b27345680a4a57c97894490a01c1"}', 0, '2024-07-31 20:23:25.130954', 'guest', '2024-07-31 20:23:25.130954', 'guest', 1);
INSERT INTO books (id, isbn, title, author, publisher, supplier, description, price, inventory, language, weight, cover_type, number_of_pages, width, height, thickness, thumbnails, purchases, created_at, created_by, last_modified_at, last_modified_by, version) VALUES (536, '5018958839', 'Rocky', 'Chloe Buster', 'Cooper Molly', 'Sadie Coco', null, 19000000, 3, 'ENGLISH', 200, 'HARDCOVER', 25, 120, 180, 10, '{"https://i.scdn.co/image/ab67616d0000b27345680a4a57c97894490a01c1"}', 0, '2024-07-31 20:23:25.131141', 'guest', '2024-07-31 20:23:25.131141', 'guest', 1);
INSERT INTO books (id, isbn, title, author, publisher, supplier, description, price, inventory, language, weight, cover_type, number_of_pages, width, height, thickness, thumbnails, purchases, created_at, created_by, last_modified_at, last_modified_by, version) VALUES (537, '1868154635', 'Lily', 'Sadie', 'Charlie', 'Max Penny', null, 19000000, 3, 'ENGLISH', 200, 'HARDCOVER', 25, 120, 180, 10, '{"https://i.scdn.co/image/ab67616d0000b27345680a4a57c97894490a01c1"}', 0, '2024-07-31 20:23:25.131361', 'guest', '2024-07-31 20:23:25.131361', 'guest', 1);
INSERT INTO books (id, isbn, title, author, publisher, supplier, description, price, inventory, language, weight, cover_type, number_of_pages, width, height, thickness, thumbnails, purchases, created_at, created_by, last_modified_at, last_modified_by, version) VALUES (538, '7498173758', 'Rocky', 'Daisy', 'Buddy Riley', 'Lily Coco', null, 19000000, 3, 'ENGLISH', 200, 'HARDCOVER', 25, 120, 180, 10, '{"https://i.scdn.co/image/ab67616d0000b27345680a4a57c97894490a01c1"}', 0, '2024-07-31 20:23:25.131568', 'guest', '2024-07-31 20:23:25.131568', 'guest', 1);
INSERT INTO books (id, isbn, title, author, publisher, supplier, description, price, inventory, language, weight, cover_type, number_of_pages, width, height, thickness, thumbnails, purchases, created_at, created_by, last_modified_at, last_modified_by, version) VALUES (539, '6424132410', 'Cooper', 'Chloe Shadow', 'Chloe Ruby', 'Bailey Princess', null, 19000000, 3, 'ENGLISH', 200, 'HARDCOVER', 25, 120, 180, 10, '{"https://i.scdn.co/image/ab67616d0000b27345680a4a57c97894490a01c1"}', 0, '2024-07-31 20:23:25.131763', 'guest', '2024-07-31 20:23:25.131763', 'guest', 1);
INSERT INTO books (id, isbn, title, author, publisher, supplier, description, price, inventory, language, weight, cover_type, number_of_pages, width, height, thickness, thumbnails, purchases, created_at, created_by, last_modified_at, last_modified_by, version) VALUES (540, '4899895256', 'Jack', 'Bella Sophie', 'Zoe', 'Bella Tucker', null, 19000000, 3, 'ENGLISH', 200, 'HARDCOVER', 25, 120, 180, 10, '{"https://i.scdn.co/image/ab67616d0000b27345680a4a57c97894490a01c1"}', 0, '2024-07-31 20:23:25.131934', 'guest', '2024-07-31 20:23:25.131934', 'guest', 1);
INSERT INTO books (id, isbn, title, author, publisher, supplier, description, price, inventory, language, weight, cover_type, number_of_pages, width, height, thickness, thumbnails, purchases, created_at, created_by, last_modified_at, last_modified_by, version) VALUES (541, '4172782186', 'Max', 'Lucy Duke', 'Bella Tucker', 'Rocky Ruby', null, 19000000, 3, 'ENGLISH', 200, 'HARDCOVER', 25, 120, 180, 10, '{"https://i.scdn.co/image/ab67616d0000b27345680a4a57c97894490a01c1"}', 0, '2024-07-31 20:23:25.132087', 'guest', '2024-07-31 20:23:25.132087', 'guest', 1);
INSERT INTO books (id, isbn, title, author, publisher, supplier, description, price, inventory, language, weight, cover_type, number_of_pages, width, height, thickness, thumbnails, purchases, created_at, created_by, last_modified_at, last_modified_by, version) VALUES (542, '1450078000', 'Buddy Duke', 'Jack', 'Rocky', 'Daisy Bentley', null, 19000000, 3, 'ENGLISH', 200, 'HARDCOVER', 25, 120, 180, 10, '{"https://i.scdn.co/image/ab67616d0000b27345680a4a57c97894490a01c1"}', 0, '2024-07-31 20:23:25.132260', 'guest', '2024-07-31 20:23:25.132260', 'guest', 1);
INSERT INTO books (id, isbn, title, author, publisher, supplier, description, price, inventory, language, weight, cover_type, number_of_pages, width, height, thickness, thumbnails, purchases, created_at, created_by, last_modified_at, last_modified_by, version) VALUES (543, '7357994445', 'Jack Shadow', 'Sadie', 'Max Shadow', 'Daisy', null, 19000000, 3, 'ENGLISH', 200, 'HARDCOVER', 25, 120, 180, 10, '{"https://i.scdn.co/image/ab67616d0000b27345680a4a57c97894490a01c1"}', 0, '2024-07-31 20:23:25.132433', 'guest', '2024-07-31 20:23:25.132433', 'guest', 1);
INSERT INTO books (id, isbn, title, author, publisher, supplier, description, price, inventory, language, weight, cover_type, number_of_pages, width, height, thickness, thumbnails, purchases, created_at, created_by, last_modified_at, last_modified_by, version) VALUES (544, '7237004293', 'Bailey', 'Daisy Bear', 'Luna Tucker', 'Buddy', null, 19000000, 3, 'ENGLISH', 200, 'HARDCOVER', 25, 120, 180, 10, '{"https://i.scdn.co/image/ab67616d0000b27345680a4a57c97894490a01c1"}', 0, '2024-07-31 20:23:25.132598', 'guest', '2024-07-31 20:23:25.132598', 'guest', 1);
INSERT INTO books (id, isbn, title, author, publisher, supplier, description, price, inventory, language, weight, cover_type, number_of_pages, width, height, thickness, thumbnails, purchases, created_at, created_by, last_modified_at, last_modified_by, version) VALUES (545, '1765764446', 'Sadie', 'Buddy Bear', 'Toby', 'Cooper', null, 19000000, 3, 'ENGLISH', 200, 'HARDCOVER', 25, 120, 180, 10, '{"https://i.scdn.co/image/ab67616d0000b27345680a4a57c97894490a01c1"}', 0, '2024-07-31 20:23:25.132751', 'guest', '2024-07-31 20:23:25.132751', 'guest', 1);
INSERT INTO books (id, isbn, title, author, publisher, supplier, description, price, inventory, language, weight, cover_type, number_of_pages, width, height, thickness, thumbnails, purchases, created_at, created_by, last_modified_at, last_modified_by, version) VALUES (546, '3749983842', 'Lily Lucky', 'Bella Shadow', 'Chloe Harley', 'Rocky Penny', null, 19000000, 3, 'ENGLISH', 200, 'HARDCOVER', 25, 120, 180, 10, '{"https://i.scdn.co/image/ab67616d0000b27345680a4a57c97894490a01c1"}', 0, '2024-07-31 20:23:25.132978', 'guest', '2024-07-31 20:23:25.132978', 'guest', 1);
INSERT INTO books (id, isbn, title, author, publisher, supplier, description, price, inventory, language, weight, cover_type, number_of_pages, width, height, thickness, thumbnails, purchases, created_at, created_by, last_modified_at, last_modified_by, version) VALUES (547, '7343071939', 'Cooper Lucky', 'Max', 'Lucy Coco', 'Rocky Shadow', null, 19000000, 3, 'ENGLISH', 200, 'HARDCOVER', 25, 120, 180, 10, '{"https://i.scdn.co/image/ab67616d0000b27345680a4a57c97894490a01c1"}', 0, '2024-07-31 20:23:25.133242', 'guest', '2024-07-31 20:23:25.133242', 'guest', 1);
INSERT INTO books (id, isbn, title, author, publisher, supplier, description, price, inventory, language, weight, cover_type, number_of_pages, width, height, thickness, thumbnails, purchases, created_at, created_by, last_modified_at, last_modified_by, version) VALUES (548, '9331006661', 'Bella', 'Jack Tucker', 'Lucy', 'Jack Duke', null, 19000000, 3, 'ENGLISH', 200, 'HARDCOVER', 25, 120, 180, 10, '{"https://i.scdn.co/image/ab67616d0000b27345680a4a57c97894490a01c1"}', 0, '2024-07-31 20:23:25.133431', 'guest', '2024-07-31 20:23:25.133431', 'guest', 1);
INSERT INTO books (id, isbn, title, author, publisher, supplier, description, price, inventory, language, weight, cover_type, number_of_pages, width, height, thickness, thumbnails, purchases, created_at, created_by, last_modified_at, last_modified_by, version) VALUES (549, '5312102992', 'Cooper Lucky', 'Luna', 'Bella', 'Jack', null, 19000000, 3, 'ENGLISH', 200, 'HARDCOVER', 25, 120, 180, 10, '{"https://i.scdn.co/image/ab67616d0000b27345680a4a57c97894490a01c1"}', 0, '2024-07-31 20:23:25.133603', 'guest', '2024-07-31 20:23:25.133603', 'guest', 1);
INSERT INTO books (id, isbn, title, author, publisher, supplier, description, price, inventory, language, weight, cover_type, number_of_pages, width, height, thickness, thumbnails, purchases, created_at, created_by, last_modified_at, last_modified_by, version) VALUES (550, '6967921825', 'Zoe', 'Daisy', 'Zoe', 'Max Harley', null, 19000000, 3, 'ENGLISH', 200, 'HARDCOVER', 25, 120, 180, 10, '{"https://i.scdn.co/image/ab67616d0000b27345680a4a57c97894490a01c1"}', 0, '2024-07-31 20:23:25.133783', 'guest', '2024-07-31 20:23:25.133783', 'guest', 1);
INSERT INTO books (id, isbn, title, author, publisher, supplier, description, price, inventory, language, weight, cover_type, number_of_pages, width, height, thickness, thumbnails, purchases, created_at, created_by, last_modified_at, last_modified_by, version) VALUES (551, '8381527018', 'Zoe', 'Rocky', 'Zoe', 'Bailey', null, 19000000, 3, 'ENGLISH', 200, 'HARDCOVER', 25, 120, 180, 10, '{"https://i.scdn.co/image/ab67616d0000b27345680a4a57c97894490a01c1"}', 0, '2024-07-31 20:23:25.133929', 'guest', '2024-07-31 20:23:25.133929', 'guest', 1);
INSERT INTO books (id, isbn, title, author, publisher, supplier, description, price, inventory, language, weight, cover_type, number_of_pages, width, height, thickness, thumbnails, purchases, created_at, created_by, last_modified_at, last_modified_by, version) VALUES (552, '8861650249', 'Daisy', 'Toby', 'Luna Tucker', 'Rocky', null, 19000000, 3, 'ENGLISH', 200, 'HARDCOVER', 25, 120, 180, 10, '{"https://i.scdn.co/image/ab67616d0000b27345680a4a57c97894490a01c1"}', 0, '2024-07-31 20:23:25.134082', 'guest', '2024-07-31 20:23:25.134082', 'guest', 1);
INSERT INTO books (id, isbn, title, author, publisher, supplier, description, price, inventory, language, weight, cover_type, number_of_pages, width, height, thickness, thumbnails, purchases, created_at, created_by, last_modified_at, last_modified_by, version) VALUES (553, '3640597893', 'Rocky', 'Zoe', 'Bailey', 'Toby Harley', null, 19000000, 3, 'ENGLISH', 200, 'HARDCOVER', 25, 120, 180, 10, '{"https://i.scdn.co/image/ab67616d0000b27345680a4a57c97894490a01c1"}', 0, '2024-07-31 20:23:25.134241', 'guest', '2024-07-31 20:23:25.134241', 'guest', 1);

TRUNCATE TABLE book_catalog CASCADE;

INSERT INTO public.book_catalog (catalog, book, name) VALUES (10, 554, 'Giáo khoa - Tham khảo');
INSERT INTO public.book_catalog (catalog, book, name) VALUES (11, 505, 'Sách Giáo Khoa');
INSERT INTO public.book_catalog (catalog, book, name) VALUES (11, 506, 'Sách Giáo Khoa');
INSERT INTO public.book_catalog (catalog, book, name) VALUES (11, 507, 'Sách Giáo Khoa');
INSERT INTO public.book_catalog (catalog, book, name) VALUES (11, 508, 'Sách Giáo Khoa');
INSERT INTO public.book_catalog (catalog, book, name) VALUES (11, 509, 'Sách Giáo Khoa');
INSERT INTO public.book_catalog (catalog, book, name) VALUES (11, 510, 'Sách Giáo Khoa');
INSERT INTO public.book_catalog (catalog, book, name) VALUES (10, 511, 'Giáo khoa - Tham khảo');
INSERT INTO public.book_catalog (catalog, book, name) VALUES (10, 512, 'Giáo khoa - Tham khảo');
INSERT INTO public.book_catalog (catalog, book, name) VALUES (10, 513, 'Giáo khoa - Tham khảo');
INSERT INTO public.book_catalog (catalog, book, name) VALUES (10, 514, 'Giáo khoa - Tham khảo');
